ID,Review,Aspects,Sentiment,Feature_Opinion,Usage
1,"We went again and sat at the bar this time, I had 5 pints of guinness and not one buy-back, I ordered a basket of onion rings and there were about 5 in the basket, the rest was filled with crumbs, the chili was not even edible.",,,,Public
2,"The food was good, but it's not worth the wait--or the lousy service.",,,,Public
3,"After hearing all of the specials, you would think they were twice as much as the menu prices (as other places do).",,,,Public
4,"When we sat down, the waiter barely looked in our direction and abruptly shoved our menus on the table.",,,,Public
5,"they continue to expand their garden space, w/out expanding their kitchen and cannot provide even adequate service.",,,,Public
6,Extremely RUDE servers who intially took our order and never returned with drinks or to see if we required anythign else.,,,,Public
7,"1) Service is very slow and unattentive (10 minutes for our server to come by with our menus and to take our drink order, another 10 to bring the drinks/take our dinner order, you get the idea.",,,,Public
8,"the waiters had a really hard time remembering to bring drinks, and when they did they were not what was ordered.",,,,Public
9,It is now nothing but an overpriced establishment that is shamelessly riding on the coat tails of its past.,,,,Public
10,We arrived at 5:30 and had leave at 7:30 without dessert or coffee because the kitchen took insanely long between courses.,,,,Public
11,"Having dined there over a half-dozen I have tried everything on the menu but depending on what night, time and who is taking your order, be prepared for loud, smokey (it is a bar afterall) and herbed waitstaff.",,,,Public
12,"The drinks, served with a little extra in the shaker, anticipate the aptly executed menu, which emphasizes comfort foods of a bygone era--veggies, for example, include crisp Brussels sprouts, shredded beets and bubbling-hot scalloped potatoes.",,,,Public
13,"Needless to say, we weren't suprised when our server told us he never put our appetizer order in.",,,,Public
14,"I ordered chicken vindaloo, the delivery took about an hour, and it cost me $13 with tip.",,,,Public
15,"The atmosphere was wonderful, however the service and food were not.",,,,Public
16,no dish on brunch menu over $11 - definitely worth the price.,,,,Public
17,"Don't know about the rest of the food, but the burgers are one of New York's hidden treats.",,,,Public
18,"Yes, hard not to look at the waitresses (and they're really good servers), but as I'm reminded by everyone who knows Hooters, they don't rank anywhere near the girls at the Hooters locations South of the ol' Mason-Dixon.",,,,Public
19,"From a solid homey, affordable Italian menu in a warm, exhileratingly crowded location they've gone to a 30$ minimum per person on opera nights with a quality of food and drink that just does not warrant the prices.",,,,Public
20,"The space is a bit cramped and the waitress seemed to avoid eye contact at all costs, however, I would recommend you go just for the food.",,,,Public
21,"for instance, i sat next to this couple who experienced problems with their food and the asked to speak to a manager.",,,,Public
22,"The piano guy isn't there all the time, but when he is it's a great addition to the meal.",,,,Public
23,"Service was good throughout the dinner but when it came time to get the check, we waited over 20 min.",,,,Public
24,"One friend had the steak which he didn't care for, but after waiting so long to be seated he was hungry.",,,,Public
25,The waiter set down my companion's meal and didn't return with my dish for some time.,,,,Public
26,"After admitting that the items on the bill were not in line with the menu, the manager reserved the right to price at her own discretion!",,,,Public
27,Ten minutes later the manager relented and dropped off a glass of water with an upturned nose.,,,,Public
28,"they waited to get us water after they took our food orders, which took the waitstaff a long time to do.",,,,Public
29,"The Food The owners' visits to farmers' markets in Brooklyn drive the ingredient-centric New American menu, which changes about once a month.",,,,Public
30,"After scrunching into the tiny bar area and ordering a drink, I was annoyed but couldn't help but notice the handsome bartender having a tete-a-tete with another French-speaking cutie.",,,,Public
31,"Fried appetizers, tuna steak and other dishes are also available, as well as an assortment of sakes, graphed on the menu according to flavor components.",,,,Public
32,The place was empty with three waiters working and it still took 15 minutes to bring us menus.,,,,Public
33,Our waitress kept forgetting our drinks.,,,,Public
34,the service was horrible then and the food was decent.,,,,Public
35,"The place is not meant for in house dining, but if you want to grab a meal on the go, this is the perfect choice.",,,,Public
36,The bar area was fairly crowded but service remained friendly and efficient.,,,,Public
37,"Waitress was nice but didnt know some specials and was alittle off, think she was new.",,,,Public
38,"Yes it's pricey for counter service, sawdust floors and deafening chatter but the pastrami makes it all worth it.",,,,Public
39,"For the prices, the food is decidedly lackluster, and the service, unless you are a regular, can be quite rude.",,,,Public
40,the waitress never asked us how the food was or if we needed anything.,,,,Public
41,My complaint was with the service-- our waitress was rather pushy and visibly annoyed when we didn't order appetizers or dessert.,,,,Public
42,"The bartender virtually ignored us while we waited, took 15 minutes to get drinks.",,,,Public
43,The only saving grace is the sweet tea - but even that isn't worth the wait.,,,,Public
44,Then the waitress became upset when she returned with the drinks and we didn't stop our conversations quick enough to remind her who had ordered what only 5 minutes prior.,,,,Public
45,"Oh, and kudos to the hostess who appeared out of thin air with extra napkins just moments after a glass of water was knocked over - she's upping the bar on service here.",,,,Public
46,"I especially recommend ordering the duck, foie gras, and beef cheeks although it's probably hard to go wrong with anything on the menu.",,,,Public
47,The noise here is so bad that people entered and left without ordering and they lowered the lights during the dinner.,,,,Public
48,"Sure, the burgers are good, but not good enough to make up for the abominable service and disgusting, filthy atmosphere.",,,,Public
49,"The waiter appeared promptly, took our order, bought us drinks and was never to be seen again.",,,,Public
50,Our waitress had no clue about the menu and (after we had ordered a bottle of wine) told us the kitchen was closing and stood guard until we ordered.,,,,Public
51,"The brunch entrees were shockingly overpriced, even for the area, and especially given the food quality.",,,,Public
52,Staff wouldn't take no for an answer on pitchers of sangria.,,,,Public
53,"I went here all 4 years that I lived in the area, and being a not-so-loaded student, it was a great place to go for some good sushi and a very pleasant comforting atmosphere.",,,,Public
54,service was attentive at the beginning but the waiter lost us towards the end and we had to flag them down for the check.,,,,Public
55,"Then the waiter came back for our food order at 10, and we hadn't received our drinks yet.",,,,Public
56,"After all that, it is average food at best with huge bill at the end.",,,,Public
57,"when I came back for brunch a week or so later, I was told that the marscapone version was no longer being served, because there was a new cook.",,,,Public
58,"The Food Though much of the menu draws from border countries with the likes of pasta, cordon bleu and schnitzel, dishes that involve cheese are best.",,,,Public
59,"D, who can't decide on a single dish, the tapas menu allowed me to express my true culinary self.",,,,Public
60,We weren't even offered a dinner menu and the waitress didn't even notice that we wanted drinks until after I ordered them from the bar myself.,,,,Public
61,"The food was good overall, but unremarkable given the price.",,,,Public
62,On the top of everything at the end of the dinner the waiter gave us the wrong check.,,,,Public
63,"The Food There's a Mediterranean bent to the menu--hummus, babaganoush and stuffed grape leaves are offered, as well as Moroccan chicken and spicy Merguez lamb sausage.",,,,Public
64,"When we finally ordered our wine, the waitress brought the bottle of wine over with ONE GLASS MISSING - meaning, we'd have to wait even longer for the final glass to arrive - which were all piping hot from the dishwasher.",,,,Public
65,The last time I was there (last week) our food took a little too long and a manager promptly apologized and offered to comp our desserts (not expected but appreciated).,,,,Public
66,I called to confirm the reservations on the morning of the lunch and the hostess had the reservations set for 12:30pm which I quickly corrected.,,,,Public
67,"Our waiter was a little stressed and brought a couple things out late and as a result, he apologized graciously and gave us wine on the house to compensate for the delay.",,,,Public
68,Try the Bocadillos to start and don't forget to order a Mojito from the bar (they're the best!,,,,Public
69,The waitress came back with the bill and money (with a calculator) and asked for more tips.,,,,Public
70,"If it's just a quick martini at the bar (which I recommend Jeffery's) or a mind blowing Roast Chicken, go to Village!",,,,Public
71,For dessert the waiter reccomended his favorite which was a Torreja.,,,,Public
72,Thanks to waiter I learned so much about wine too.,,,,Public
73,"Each week, Zutto's sushi chef never ceases to amaze me with new concoctions.",,,,Public
74,"Our waitress forgot to bring me another margarita, but somehow she managed to get it on the bill.",,,,Public
75,"We went to the Sunday brunch, and were pleasantly surprised to find a jazz combo there.",,,,Public
76,"my husband has certain food allergies, and they were 100% accomodating even for the tasting menu which is seven courses for $50 - they even substituted dishes for ones that he couldn't have.",,,,Public
77,"Chef Shea Gallante takes up residence in the former kitchen of Waxman, now walled off from the diners but visible through glass service doors.",,,,Public
78,"We were given only one waiter for 20 people, and it honestly took over 1/2 an hour to get coffee (I actully went across the street to Dunkin Donuts!)",,,,Public
79,"(And the mixed steamed seafood appetizer took *forever* to arrive -- apparently the oysters here are shucked by machine, and they only have one shucker, so if more than one table orders anything off of that section of the menu, you'll be waiting a while.",,,,Public
80,"I came to celebrate finishing my third year of med school and was greatly disappointed by the way I was treated at the door (rude and terse), the food (mediocre), and the ambiance (very loud, crowded, and uncomfortable close to our neighbors despite the large room).",,,,Public
81,Between the 6 of us we tried almost everything on the menu and we were all very pleased with our meals.,,,,Public
82,"the decor could be a bit better, and if there was a small bar the overall atmosphere would be a bit more inviting (especially for regulars).",,,,Public
83,for the prices that are on the regular menu we were expecting something more upscale and less generic.,,,,Public
84,The waitress was slow and had to ask the kitchen first every time we asked her about anything on the menu.,,,,Public
85,"The waitor never gave us the specials menu (which they gave to a another couple who sat next to us 20 minutes later) and the service was very slow even for the basics (bread and water, for which we had to ask a couple of times).",,,,Public
86,"Although the restaurant was far from crowded (maybe three tables), service was abysmally slow, to the point that we wondered if the server was trying to avoid us.",,,,Public
87,They seem under staffed and Waiters do not really know the menu.,,,,Public
88,i also like their cocktail menu and dessert menu (try the black tea rose ice cream and the coconout waffles).,,,,Public
89,"she never once checked on us after serving our drinks, we asked another waitress about our sandwiches, she attempted to check on them but didn't really get an answer.",,,,Public
90,But the wait staff's attitude will make me rethink about returning.,,,,Public
91,We took seats at the bar with 2 amazing bottles of wine (one for the appetizers and one to match the entrees) Monsieur Zucco was very accomodating and kept a sharp eye at filling our glasses at the right time at the right level.,,,,Public
92,from the hostess to the bartender to the waiter (who told us that we had to leave because the tables needed to be turned around more quickly even though it was a friends engagement dinner).,,,,Public
93,Our waiter did not come back once to reserve our wine.,,,,Public
94,We told the waitress we'd like the fries hot with our main courses but she only ordered more once the rest of the food had arrived so we didn't get them until we were half way through.,,,,Public
95,"We received our food and coffee at the same time, and couldn't get the attention of any waiter to refill our cups.",,,,Public
96,The service was spotty as a couple of drink orders were forgotten and the waiter didn't really come to check on us.,,,,Public
97,"Costs could be better - expect to be upsold by the hovering wait staff - and come for the authentic tastes, not the interior decor (looked a littel like Cheers!",,,,Public
98,"The menu is short and sweet: hamburgers, cheeseburgers and double cheeseburgers, with all-beef patties steam-grilled on a pile of onions and served on square white buns with pickles.",,,,Public
99,I had the first pasta listed on the menu and it left me craving the taste again for days after.,,,,Public
100,"To elaborate; the menu is written in French but the dishes themselves are something that your - enthusiastic yet talentless boyfriend - might muster up for you, leaving you looking concerned for his love for you.",,,,Public
101,THe bartendars were right on top of getting us our wine and setting up free blue cheese dip and chips for us.,,,,Public
102,"True, the ambiance is something out of Goodfellas, but it the food and waiters are out of this world!",,,,Public
103,"calle ocho is definitely high on my list, the food and mojitos are excellent (the sangria is a miss, flor de sol has much better sangria) but the service leaves much to be desired.",,,,Public
104,"Once we ordered, it took at least 30 minutes to get our food, with our server no where in site.",,,,Public
105,The Food Skip the menu and head for the restaurant's bountiful and ever-changing vegan buffet for an abundance of affordable servings.,,,,Public
106,"However, they do bring you a lot of food for your buck, and despite the unremarkable food it strikes me as a good place to fill up on the cheap for lunch or after a night of drinking.",,,,Public
107,"Waited an hour for the food to come out, couldnt even find the waitress.",,,,Public
108,We could have made a meal of the yummy dumplings from the dumpling menu.,,,,Public
109,"I checked this place out during the blizzard, and was thrilled to discover the $12 early bird price fixe (until 6:30 PM) -- appetizer, entree, dessert, and soda.",,,,Public
110,"With 5 items on the menu and prices this low, you'd think turnover would be a priority -- think again!!!",,,,Public
111,Got the check tossed on table 10 minutes after being served and hostess came by to rush us some more.,,,,Public
112,"It took us about 30 minutes to get seated, the burgers came without lettuce, they brought us the wrong drinks, and the flavor of the burgers were below average.",,,,Public
113,However when the party was complete we had the other waitress come over who said that we had to order all the food at once and couldnt order just appetizers.,,,,Public
114,"Server was nonexistent; when we flagged her down, she told us that the food was 'being plated' when clearly they were just starting to prepare it.",,,,Public
115,"We were so irritated about how horrible the food was, we didn't stick around to hangout at the bar.",,,,Public
116,Those appetizers only appeared after we complained to the manager.,,,,Public
117,"When one compares the quality of the food to some of the city's other italian restaurants, and then particularly when one factors in the very reasonable prices here, I feel that this restaurant comes out a winner.",,,,Public
118,I did not like the place because: -it took the waiter over 20 min to take our order and then over an hour until we got our food.,,,,Public
119,"I was lured in by the fact that they have soy options for almost everything that includes dairy on the menu, as well as tofu subs for eggs; It is hard to find mexican tinged food with an optional vegetarian slant.",,,,Public
120,"And the owner didnt seem to care, she was more interested in talking at the bar than hearing from me.",,,,Public
121,On Friday night the busboy was sulky verging on rude he brought the fries (ordered for the entrees) twice before the appetizers came and then again the minute we'd finished them and looked put out to be asked to take the empty plates away.,,,,Public
122,I don't even think I would have minded waiting at the bar for over an hour if it weren't so crowded and if they had little tapas for the hungry people forced to wait!,,,,Public
123,"Sure, the waitresses are hot, but you'll have to wait 30 minutes just to get your drinks.",,,,Public
124,"Even when the chef is not in the house, the food and service are right on target.",,,,Public
125,I chose Guastavinos for my wedding reception dinner (for 19 of us) and planned it through their private dining staff.,,,,Public
126,"Great decor, unfortunately the worst service possible.",,,,Public
127,"This guy should work in a diner, didn't even know the menu, he couldn't explain me anything, a real nightmare.",,,,Public
128,"The service was terrible- our waiter was unable to make any recommendations, mumbled the special and failed to check back during the course of our meal.",,,,Public
129,The handwritten menu makes me think the choices change frequently -- we started with pumpkin fritters and then had bunny rabbit and sea bass cakes.,,,,Public
130,"Nothing on the menu jumped out at me, but when we tasted the chicken and the pork tenderloin.",,,,Public
131,The raspberry/marscapone-stuffed pancakes are so divine it's actually worth putting up with the rude and incompetent service.,,,,Public
132,"When it came time to get the check, they couldn't seem to determine which of the servers had it.",,,,Public
133,"Cheeses get short shrift by waitstaff, who all seem hurried.",,,,Public
134,"Got a table during restaurant week for lunch and the service was cordial, if slower than usual.",,,,Public
135,"Good food, but they could expand their desert menu.",,,,Public
136,"The service was professional if somewhat slow, though we didn't mind since it is such a welcoming place to have dinner.",,,,Public
137,"Fortunately the waitress was very nice about this, and did not give me a hassle about taking the cake off the final bill.",,,,Public
138,"Includes a diverse array of entrees ranging from Boar (prepared in your choice of either the French or Asian tradition), Mussels, or Pad Thai that grace the menu all at once, each one prepared in a distinctly different and delicate sauce.",,,,Public
139,"The food is fantastic, Gourmet comfort food and has gotten progressively better over the past year, as did the service.",,,,Public
140,The waiter got aggravated when we explained how we wanted our entrees prepared.,,,,Public
141,"My friend also knew the chef, so we had some other courses not on the menu, but even knowing the chef didn't get us the service I would expect at this type of restaurant.",,,,Public
142,"We waited an hour for our appetizers, (I suspect the waitress forgot to put in our order because the restaurant was not busy) and then the entrees came at the same time!",,,,Public
143,"Since we had to wait, we decided to get a drink but the bartender ignored us even when we made it known that we would like to order a drinks.",,,,Public
144,"Sure, you can sit back and watch the celebrites pour in, or sit at the bar, and watch true masters create old world sushi, and new world rolls.",,,,Public
145,"Although the tables may be closely situated, the candle-light, food-quality and service overcompensate.",,,,Public
146,"After an hour of waiting at an overcrowded bar with our coats in our hands and no room to move, I approached the host (who never bothered to give us an update throughout our wait) to ask him how much longer, He was incredibly rude and dismissed me with his hand and walked away from me while I was trying to talk to him!",,,,Public
147,"The raw bar that we were served was abyssmal, and our dinners of salmon (mine overcooked) and chicken (hers, very bland) weren't much better.",,,,Public
148,"The service, which was horrendous - they charged us for two appetizers when we asked to split one (when we brought it up, he insisted that the appetizer really did only consist of 2 sliced tomatoes and 1 slice of cheese).",,,,Public
149,"The menu offers a lineup of USDA prime steaks at higher-end prices paired with sides such as crab cakes, fried oysters and onion rings.",,,,Public
150,the place is small but everything else is 'big' in terms of quality variety and smiles of the wait service.,,,,Public
151,"The kitchen finds success with classics like a homemade, cognac-rich duck terrine and well-seasoned steak frites (although the fries tend to be heavily salted).",,,,Public
152,"I went with two friends and had the smores bar - two yummy chocolate chip cookies with marshmallows and chocolate melted between, and they serve it piping hot!",,,,Public
153,"When the manager came over, he accused my friend of offending the chef and continued to argue with her about the dish.",,,,Public
154,"At any rate, the waiter totally forgot about us and we had to hail him down a couple of times just to get the specials and to order.",,,,Public
155,"I don't claim to know enough about authentic Italian cuisine but the food is good, provided they have the menu item you order.",,,,Public
156,Still my favorite part of the restaurant and bar adjacent are the drinks.,,,,Public
157,"The decor is nothing great to speak of, but who cares - the food is top notch.",,,,Public
158,The waiter rushed us through the last half of our dinner because they were turning the room into a dance floor.,,,,Public
159,My first and LAST visit included a waiter telling me We're casual- pour your own wine and then handing me a check with a place for the Captain's tip.,,,,Public
160,I have dined at JG many times for dinner and lunch over the past two years and both the food and the service is by far the best compared to others in NYC or else where.,,,,Public
161,I am allergic to certain types of foods and he was very knowledgeable about the menu and brought our drinks and food very fast.,,,,Public
162,Most laughable moment of night was when waiter offered me a free drink to make up for th 50 minute appetizer wait.,,,,Public
163,"The staff has been nice, but they seemed really stressed and the unisex bathroom needs to be cleaned more often.",,,,Public
164,"Bartender, should not be taking dinner orders on napkins.",,,,Public
165,Generally one would have to point out to the waitstaff the beer was flat and ask for another.,,,,Public
166,"Some of the food is the Italian American red-sauce variety - fine if you're stuck in the past, but, there are also a number of very good, far more authentic Italian items at most reasonable prices.",,,,Public
167,"About the food we had a little difilculty keeping the orders straight ,the menu has too many choices,but the server was very helpul and suggested de paella valenciana which was extremele delicious.",,,,Public
168,"As the night rolls on the place turns into a bar/lounge so the wait staff is constantly rushing you to eat up and move out, not the kind of atmosphere you want for the price you are paying for your entree.",,,,Public
169,"This is a busy spot from 1130 AM to 130 PM M-F but you never have to wait more than 5 minutes for a table, unless you have a large party, thanks to fast and friendly service provided by the waitstaff and kitchen.",,,,Public
170,The appetizer came out cold and the waiter came and took it to the kitchen.,,,,Public
171,When we sat down - our waiter did not know what to recommend - neither food nor wine.,,,,Public
172,"There were many helpful people, not only one waiter - kept refilling the water, the wine, asking if everything was okay.",,,,Public
173,"The staff were very friendly, the prices were relatively average, not bad, and the food was great.",,,,Public
174,We probably would have stuck out the wait if we could have gotten a drink at the bar but apparently it was closed or only for show.,,,,Public
175,"the food isn't spectacular, but I have yet to be disappointed in anything I've been served, and there's a definite attempt by the kitchen to keep the menu fresh and interesting.",,,,Public
176,My complaint was the service was not that good but the food made up for it.,,,,Public
177,"There are several specials that change daily, which the servers recite from memory.",,,,Public
178,"The waiter, Momir, was on top of everything the whole time-not to mention entertaining us by constantly hitting on the two blond souther girl sitting at the table next to us-- and the free wine and after dinner espressos were much appreciated.",,,,Public
179,"Full of characters from the neighborhood, it's a fun place to meet up with friends or have a drink at the bar.",,,,Public
180,"wait staff have no room to get to tables because of overflow from bar area, and knocked into the back seats of our table constantly.",,,,Public
181,"For a 4-star restaurant (not to mention a $400 dinner for two), attentive service is expected.",,,,Public
182,"My doubts were cleared immediately, the host was friendly and yes they suggest the pitcher of sangria before you look at the menu but you should take it anyway!",,,,Public
183,"I paid $12 including tax tip for a beef entree with salad, noodles, rice, a fried dumpling, many free appetizers and a glass of ice water.",,,,Public
184,Ask for the cocktail menu it has a plenty selection of drinks.,,,,Public
185,"It was the WORST Sangria ever, and their house drink has just a shot of Malibu rum, and at a price of $9 you want more than a shot of a 40% alcohol.",,,,Public
186,"Waiters were pretty slow, didnt refill my glass of water until I was about to leave, and I had to ask several times to get the check and the slices of lemon.",,,,Public
187,Today I placed a lunch order and the guy hung up on me while I was saying thank you!,,,,Public
188,Our appetizers came out the same time as our entree and our waitress disappeared quite frequently.,,,,Public
189,The waiter brought out the same dish three times during the meal.,,,,Public
190,"Tables are a little cramped, but dinner or lunch for 2 is fine.",,,,Public
191,Conversation went like this: waiter: presented the steak and said 'Meduim well',,,,Public
192,Don't look for sushi on the menu although there's tons of sake and it's served properly.,,,,Public
193,i took another 45 minutes so i called back the waiter and said that if the food was ready now ill just pay for it.,,,,Public
194,"They took 10 minutes to refill our water, they never asked if we would like another drink, and the waiter was nice but just not efficient.",,,,Public
195,"The food is average, at best (I have been repeatedly underwhelmed by the mediocre fare) and the service is only good if Elaine is within range.",,,,Public
196,"Prices are reasonable, probably $55/pp with appetizers, main course, dessert and a drink.",,,,Public
197,"I must admit that when my friend said we were going to Astoria for dinner, I expected a diner sytle restaurant, where the decor, food and service would not suffice.",,,,Public
198,"The restaurant is loud, the tables are wooden and the service is OK.",,,,Public
199,"For an appetizer, I had soba in pho-like broth with dumplings, and I already liked the restaurant.",,,,Public
200,"Since the service was so poor, we asked if they could offer any concessions - complimentary drinks?",,,,Public
201,"The appetizers are ok, but the service is slow.",,,,Public
202,"The red sauce had no flavor, the cheese lacked that fresh quality cheese taste you expect from a well-known pizzaria, and the slice overall was really dry.",,,,Public
203,"The space is small and they don't take reservations, but go next door to the bar while you wait and have some very yummy sakatini's that are made with fresh fruit.",,,,Public
204,"It was super busy, but our waiter still had time to chat, and knew the menu very well.",,,,Public
205,"A guest from Montana wanted to get a NY Strip Steak while she was here, and New York magazine wrote up Monkey Bar as a good place.",,,,Public
206,We could not believe that the owner only laughed and continued serving him drinks.,,,,Public
207,An amazing combination of a place to sit down with the family and have a good time or have a drink at the bar with some friends.,,,,Public
208,The waitress saw a couple of us struggling with the menu and I felt she was frustrated with us.,,,,Public
209,The overpriced food that's supposed to come off as homestyle diner just doesn't work when the atmosphere is supposed to be super cool but the food is super bland.,,,,Public
210,"Last visit, ignored by our waiter, we finally got beers and ordered food.",,,,Public
211,"The red sauce had no flavor, the cheese lacked that fresh quality cheese taste you expect from a well-known pizzaria, and the slice overall was really dry.",,,,Public
212,"The space is small and they don't take reservations, but go next door to the bar while you wait and have some very yummy sakatini's that are made with fresh fruit.",,,,Public
213,"It was super busy, but our waiter still had time to chat, and knew the menu very well.",,,,Public
214,"A guest from Montana wanted to get a NY Strip Steak while she was here, and New York magazine wrote up Monkey Bar as a good place.",,,,Public
215,We could not believe that the owner only laughed and continued serving him drinks.,,,,Public
216,An amazing combination of a place to sit down with the family and have a good time or have a drink at the bar with some friends.,,,,Public
217,The waitress saw a couple of us struggling with the menu and I felt she was frustrated with us.,,,,Public
218,The overpriced food that's supposed to come off as homestyle diner just doesn't work when the atmosphere is supposed to be super cool but the food is super bland.,,,,Public
219,"Last visit, ignored by our waiter, we finally got beers and ordered food.",,,,Public
220,"Last visit, ignored by our waiter, we finally got beers and ordered food.",,,,Public
221,I order the Jerk Chicken full price off the menu.,,,,Public
222,"Then I ordered a margarita,rocks w/ salt, the waitress' replied:I don't think we have salt What do you cook your food with?",,,,Public
223,My friend and I walked in to an over crowded bar and were warned of a 45 minute wait.,,,,Public
224,"Asked for recommendations, waitress said read everything on the menu which already wasn't to unique.",,,,Public
225,We had a few toro and white tuna sashimi as well as a couple roll like the park avenue (which was not listed on the menu but recommended by the waiter) and the paris match roll.,,,,Public
226,"He let us be seated, but told the hostess to make sure we didn't get menus until it was our arrival time.",,,,Public
227,"The food is pretty good, but after 2 or 3 bad experiences at the restaurant (consistently rude, late with RSVP'd seating), I decided I would only order delivery.",,,,Public
228,I was back-to-back with the diner at the table behind me and wait staff had to hoist trays over our heads as they squeezed past us again and again.,,,,Public
229,"The pretty waitstaff is always pleasant, but service is inconsistent at best.",,,,Public
230,MeetLESS gives you a dance club w/o the dance floor a restaurant w/ horrendous service and limited menu selections (the ONLY steak is a top sirloin?!!!),,,,Public
231,The ribs are good and I havent had anything on the menu that did taste great.,,,,Public
232,"Be warned though, this place gets packed at lunch - and the service can be rottenly slow-going.",,,,Public
233,"Further, our waiter was basically inattentive through the entire dinner (e.",,,,Public
234,"The owner Don greeted us at the door with a warm smile, and seated us for dinner upstairs.",,,,Public
235,"However, the food, once you get over the price, was very good.",,,,Public
236,As a chef I really appreciated the well executed dishes that were full of crisp and vibrant flavor contrast acting in harmony and perfect balance.,,,,Public
237,"Food: Bland and unoriginal, despite the creative writing in their menu.",,,,Public
238,"The service was punctual, having been asked for our drink orders even before opening our menus.",,,,Public
239,The ambience isn't great but the food is so tasty and so reasonably priced that it's definitely a fun date place if you want to get a bunch of stuff and sample.,,,,Public
240,The manager then told us we could order from whatever menu we wanted but by that time we were so annoyed with the waiter and the resturant that we let and went some place else.,,,,Public
241,Great from appetizer to dessert including a wonderfully created vegetarian plate that is not on the menu.,,,,Public
242,The menu is limited but good with rice paper rolls being a house specialty.,,,,Public
243,Our waitress was merely inattentive at first but became just plain hostile after we had the nerve to ask about the wine we had ordered to go with dinner (we were halfway through our entrees and still no wine).,,,,Public
244,I complained to the manager who offered to move us and pay for our appetizers.,,,,Public
245,"Regardless of the amount of customers, the wait for food is insanely long.",,,,Public
246,"Despite a lovely atmosphere, this was perhaps the worst dining experience I've had in New York.",,,,Public
247,"Even more impressive, when my vegetarian girlfriend started asking whether certain dishes were made with meat, the waiter offered to have a vegetable plate created for her -- and it was quite well done too.",,,,Public
248,"loved everything from the ricotta cheese they put on the table to the osso bucco with risotto, wish i understood their menu its all in italian, not good for a sweed.",,,,Public
249,"The service was impeccable, the menu traditional but inventive and presentation for the most part excellent but the food itself came up short.",,,,Public
250,"The decor and the service definitely is not the greatest, but I can overlook those things since their food is just so damn good.",,,,Public
251,"We went for lunch on Saturday, wait wasn't bad considering that it had only opened recently.",,,,Public
252,"Later, as our large party began filtering out, I overheard our waiter discussing the menu mixup to about 5 members of the staff, blaming us.",,,,Public
253,The chef who is a bundle of personality came to tell us all about the special menu for the wine room.,,,,Public
254,"If it's not on the menu, ask for the string bean and goat cheese salad- delicious.",,,,Public
255,The food is undeniably good -- but not worth the wait.,,,,Public
256,The waitstaff can be hard to track down and uninformed about the menu.,,,,Public
257,The staff knows all about the food and the Chef is very visible visiting tables and overseeing the dining room.,,,,Public
258,"In the 20 minutes we spent waiting just for a server to take our wine order, the host of this establishment proceeded to let couple after couple walk right in in-front of us because he obviously knew them.",,,,Public
259,"If you would like to charge us 5 dollars for service that would be fine, though coming from a restaurant where we buy a dessert for a birthday I thinks it's a bit cheap.",,,,Public
260,Although the sides at Lugers are delicious (the bacon is out of this world) the steak is entirely priced way too high.,,,,Public
261,The waitress asked us if we'd be eating dinner.,,,,Public
262,The DJ at the bar kept the place alive.,,,,Public
263,"also, when i was waiting to be seated the bartender gave great service and mixed a mean cocktail for me.",,,,Public
264,"The wait staff rushed us through our meal, took away our food before we were finished (even though we told them we were still eating) and then, as we were lingering over the bill, asked us to leave.",,,,Public
265,"i went there for dinner on friday night, the waiter had a terrible attitude.",,,,Public
266,the trendy atmosphere and high price fooled me into thinking that somehow the food would be innovative.,,,,Public
267,"Our Peruvian waiter was very nice, and the food was ok, but forget about ordering an expensive bottle of wine there.",,,,Public
268,We let the very kind hostess know we were there and had some drinks at the bar.,,,,Public
269,"Bar BQ will knock your socks off with every entree (pulled pork and the ribs -- go full rack, kid, it won't do you wrong) and the homey taste of the sides (love that slaw, them beans, and all that tater salad) matches up perfectly.",,,,Public
270,Just make sure everyone is in your party is there together or you'll be waiting on the sidewalk or in the cramped bar next door.,,,,Public
271,The waitresses and the diners have to scream at one another to give an order.,,,,Public
272,I ordered the Prix Fixe Pasta while my husband and children ordered from the menu - we were all happy with our choices.,,,,Public
273,"There are only 8-10 tables, so you receive a lot of attention from the waiters, which is good.",,,,Public
274,"We did complain to the manager, but she just said there are problems in the kitchen and took the drinks off bill.",,,,Public
275,the service was inattentive (didn't bring us wine til our main course was already served and didn't open the bottle in front of us!!!,,,,Public
276,"decent, if greasy, fishsticks, but served on a mound of soggy fries that could feed about 5-6 people!",,,,Public
277,"The Filet Mignon is awesome, along with everything else on the menu.",,,,Public
278,"Aside from the Sea Urchin, the chef recommended an assortment of fish including Fatty Yellow Tail, Boton Shrimp, Blue Fin Torro (Fatty Tuna), Sea Eel, etc.",,,,Public
279,Pork chops is probably the best choice on the menu.,,,,Public
280,"Ofcourse the restaurant is new and perhaps they have some kinks to work out, but it for the same price you can get a higher caliber brunch at Banania or Cafe Luluc on Smith St.",,,,Public
281,"Having heard that the steakhouse had a tendency to overcook the steaks, I asked the waitress that she ask the chef to prepare it closer to rare than medium.",,,,Public
282,"After waiting more than 15 minutes for our order to be taken and then having the waitress not know how to make certain drinks, our party of 7 was obviously dissatisified.",,,,Public
283,"The service is great - they are very attentive and fast, however, they do make faces and comments when you order alot of the ALL YOU CAN EAT food.",,,,Public
284,"Catch a Yankee, Mets game, have a burger and great conversation with the bar keep.",,,,Public
285,"the manager was nice profecional and service was average but the food was not italian, a diner is better, try po'",,,,Public
286,"Our waiter seemed to really care about getting us to the show on time, and made some good reccomendations on the menu for doing it.",,,,Public
287,"Bill for three with 7 plates, glass of sangria each and coffee and one dessert was 45 each with tip - not too bad but a tad overpriced for the serving size of the dishes.",,,,Public
288,"Stay away from the two specialty rolls on the menu, though- too much avocado and rice will fill you up right quick.",,,,Public
289,"Also, the staff will not allow you to substitute a side dish or accommodate anything that differs from what's on the menu.",,,,Public
290,"Our waiter was inattentive throughout the meal, took nearly 3 hours for dinner.",,,,Public
291,The service was attentive but overdone for the tiny and very ordinary setting and poor food.,,,,Public
292,Sure the service isn't the best but the food is tasty and the prices are great.,,,,Public
293,I ordered the flounder special - the fish was fresh but the dish lacked flavor.,,,,Public
294,Don't let the all-Italian menu intimidate; the waitstaff patiently translates each item.,,,,Public
295,The waitress never came back to get drink refills and we didn't get water until we were halfway through our dinner.,,,,Public
296,Great place for a first date or dinner with a picky group.,,,,Public
297,"Maybe I've just gotten lucky with seating, but I've never had more than a ten minute wait.",,,,Public
298,"We were put on the wait list, seated in 15 min after a quick drink at the bar and had an incredibly entertaining waiter and dined next to a few regulars who raved.",,,,Public
299,"I'd recommend getting an appetizer b/c the dinner takes a bit to be cooked, but it was definitely worth the wait.",,,,Public
300,After ordering a good amount of sushi the waiter asked me if that was all I wanted.,,,,Public
301,The guy was pleasant and friendly but that only goes so far when you are hungry and have to wait 2 hours for a pizza.,,,,Public
302,"For 2 patrons paying over $100 for dinner, you'd think that the waiter would check to see if everything was okay with the dining experience, and he certainly did not.",,,,Public
303,Even a modest bottle of wine was accurately described by the wait staff and pleasing.,,,,Public
304,He met me for wine tasting/sampling of food the week before and made sure that the service was on their toes.,,,,Public
305,Buffet fare is better than the regular menu and you don't have to deal with the waitstaff.,,,,Public
306,"Our spastic waiter was running around like a chicken with his head cut off, and, thus, slow to take our order, slow to bring us our drinks (they sat on the bar for 5-10 minutes) and slow to get us the water we had to ask for repeatedly.",,,,Public
307,"We had an hour for lunch, and service was impeccable each time.",,,,Public
308,The menu is an exact replica of its sister location in New Mexico - right down to the Frito Pie (don't knock it till you've tried) and a killer array of margaritas.,,,,Public
309,Sit at the bar and eat here regularly and the sushi chef who is also the owner will hook you up the best cuts of fish.,,,,Public
310,ambience and decoration was nice but for a check of $330 for 5 for brunch and with just average food.,,,,Public
311,We placed a delivery order - 2 pastas and a caprese and they took and 1 1/2 to get here and the food was inedible when we received it.,,,,Public
312,"service is quick, not overly friendly, but hey it's a small place and the servers are constantly busy.",,,,Public
313,"It is never a ridiculous wait no more than 30 minutes, in the meantime you can chat with your friends and start the week-end off right with a signature drink from the bar!",,,,Public
314,"PS : to the waitresses and waiters at Shanghai Cafe(new name of Shanghai Gourmet) if you don't like your job, don't work there.",,,,Public
315,"This place basically has the same menu as Penang but everything is cheaper, including the atmosphere.",,,,Public
316,"As we looked at the menu and the wine list, my friend overheard the manager comment to a waitress about me that the least he could do is wear a button down shirt, and not show up dressed like a Gristede's boxcutter.",,,,Public
317,"Deborah, the chef and co-owner, is an extraordinary talent - she has not received the notoriety she deserves - and her food, while not expensive, really merits a two or three star rating.",,,,Public
318,"Sometimes I wish there were a bar to sit at and have a glass of wine, but on the other hand the lack of one allows the place a pleasant sit down sort of feel.",,,,Public
319,"* Rude waiter - he kept pushing us to get appetizer (after been told twice that we would like to start ordering entree) and after dinner, told us to check out the shelf ourselves on our way to the restroom for dessert menu.",,,,Public
320,We asked for the check and had to wait 20mins for the waitress to come back and take our card.,,,,Public
321,"But overall loved the place, outside of our waiter who literally tried to force us into ordering drinks.",,,,Public
322,) My date and I were greeted by the host and informed there would be a slight wait.,,,,Public
323,The entire restaurant staff was disappointing to begin with (any waiters over 17 with some knowledge of the menu or wine?,,,,Public
324,The small wooden bar and counter up front incorporate a wine rack and dessert display.,,,,Public
325,But a server coming up to the table chewing gum while she went through the specials is not my idea of professional.,,,,Public
326,"The menu of Afghani favorites includes mantoo, the spicy beef dumplings in yogurt sauce; chicken with walnuts and pomegranate juice; saffron-marinated filet mignon; grilled Cornish game hen; meat and fish kebabs in various combinations; and a number of vegetarian rice- and bean-based dishes.",,,,Public
327,"Affordable starters comprise most of the menu: Cheese plates with sweet-sour chutneys, spicy lamb-stuffed fried olives and plump mussels baked under saffron-herb breadcrumbs are addictive, but signature tigelle panini fixings shouldn't be missed.",,,,Public
328,"Went for dinner last Friday night with 2 friends, and the staff was incredibly nice.",,,,Public
329,"Nothing too special about the location or the atmosphere, but DAMN, the pizza is good.",,,,Public
330,"Overall, cute place with poor service, and even worse food.",,,,Public
331,"As for price, there are plenty of Shanghai restaurants in Chinatown that are just as inexpensive with better food and without a doubt much better customer service.",,,,Public
332,When I pointed this out to the waiter he told me that all of the lox is like that.,,,,Public
333,We had to wait 30 minutes before the waiter even came to our table and had to ask 4 times just to get a glass of water.,,,,Public
334,The place was packed but we were able to get drinks at the bar w/out a problem despite the crowd.,,,,Public
335,"Although, a limited menu, we had no trouble picking out our delicious meal.",,,,Public
336,"The waiters are sometimes grouchy and the decor doesn't change, but the food is always delicious and satisfying.",,,,Public
337,"The lunch got a little bizarre when we asked the waiter how the joint got it's name, and he made his hands into cups in reference to placing them on a woman's breasts and said, No, not this.",,,,Public
338,The owner roasts his own meats and makes fabulous and interesting sandwiches--the house-roasted ham with celery-root salad and tomatoes on a baguette deserves a prize.,,,,Public
339,"After fifteen minutes, when nobody even took our drink order, I looked around to try to get our waitresses attention only to see she and about five others of the waitstaff were having an endless gabfest by the register.",,,,Public
340,By this I mean that the guy selling hotdogs outside of Grand Central has given me better service.,,,,Public
341,"I went to Mocca with my boyfriend for a few drinks and food, and I was really impressed by the service.",,,,Public
342,"Unfortunately, service was slow and when our server noticed we had not received our entree he comp'ed us two delightful margaritas - AND charged us only for appetizers, thereby cutting our bill in half.",,,,Public
343,First had a cheese platter at the bar and then enjoyed a nice dinner with friends.,,,,Public
344,The food is so good that there tends to be a little bit of a wait.,,,,Public
345,I've had the same steak at Peter Lugers for double the price.,,,,Public
346,"When we finally got our waiters attention - and explained to him we were unhappy with our entrees, his demeanor changed completely, he took our dishes and walked away without taking another order for us or asking if he could get us anything else.",,,,Public
347,Our waitress was so fun- I wanted her to join us for dinner.,,,,Public
348,"No condiments on table or offered, service average, smokey upon arrival as the kitchen is fully exposed and the space very tight.",,,,Public
349,"They have a great selection of wines, and have recently expanded with a Wine Bar around the corner that's accessible through the main dining room.",,,,Public
350,"For the price ($8), the quality of the buffet is great!",,,,Public
351,The Food Chef Nao Sugiyama serves in the traditional kaiseki style--a kind of tasting menu consisting of between six and 12 small courses.,,,,Public
352,When I look at the menu I was surprised at the relatively high price compared with other korean restaurants.,,,,Public
353,"On our second trip, our waiter had an attitude, was slow to bring/refill drinks, and we had to flag him down for EVERYTHING.",,,,Public
354,"servers never ONCE asked how we were doing - they brought out food late and if extra additions were requested, they came out 20 min after.",,,,Public
355,"Our waitress (and the chef himself) helped us a bit with the Austrian cuisine where we had questions, and every recommendation was right on.",,,,Public
356,"My party got the dessert sampler which included 6 highlights from the dessert menu--each of which were worth the price of the three course meal ($90 per person with margaritas, tax, and tip).",,,,Public
357,The waiter never once came back to our table to ask how our meal was OR if we needed another drink.,,,,Public
358,"The ambience is simple, yet elegant and be sure to finish your meal with their famous shlog.",,,,Public
359,The decor is a little plain and the seating is a touch too close but its worth it for the food.,,,,Public
360,The food is average and the service is insulting.,,,,Public
361,"I was accompanied by foodies, yet the waiter treated the few questions people had about the menu as if he was dealing with diners who had never eaten at a decent restaurant.",,,,Public
362,The atmosphere is nice - it's all dark wood with the bar in the front.,,,,Public
363,"Snack on a bowl of fried chickpeas while you browse the menu, then move onto the tender lamb skewers, which arrive atop a slab of French bread, perfectly poised to catch the meat's sweet drippings.",,,,Public
364,"The place is hip and the decorations funky, but the food is lacking.",,,,Public
365,"i would not go after the early bird b/c its not worth it, find better food for full prices.",,,,Public
366,"Waiter ignored us, never asked if we needed anything, never received a dessert menu or asked if we wanted coffee, or even the check.",,,,Public
367,"The food at Forest Hills was great, the service more than perfect, but but the ambience was too hot they do not have AC and the employes was sweating a lot , it was a nasty esxperience because I eat in front of the service that was sweating like animals.",,,,Public
368,The menu goes on to include some of traditional greek favorites but each has a twist that will suprise and delight you.,,,,Public
369,"To make matters worse, the waitress followed us out, and demanded that we leave a better tip.",,,,Public
370,be prepared for a long wait at dinner.,,,,Public
371,"We ordered the recommended dessert ahead of time as they suggested but when it came time for it, the waiter had forgotten it.",,,,Public
372,if you do though just wait at the bar (yummy drinks!,,,,Public
373,IT'S GREAT COFFEE BUT THE SERVICE IS SERVED WITH BIG TIME ATTITUDE.,,,,Public
374,"There was a nice atmosphere except for the few pompous patrons who looked way too gaudy or a lunch time meal, but overall its a great place to eat.",,,,Public
375,"The waiter knows us now, and the owner bought us a round of drinks once because the dessert took too long (in his opinion, we didn't even complain).",,,,Public
376,"After each of them had had one drink, one of the managers came up to our table and told us that he no longer felt comfortable serving us any more margaritas.",,,,Public
377,"The staff even went out of their way to print up menus without prices at my request, since the dinner party was my treat.",,,,Public
378,Great place to go for a lunch date or for coffee after a date.,,,,Public
379,"However, you're bothered by things like sub-par food (don't get the cajun fries), waiters who hate you and anything that looks like you, close proxmitity with strangers, and cheap talking and singing skelletons, do NOT go.",,,,Public
380,"At the end of the meal, I politely asked the waitress whether she would comp something, and she said yes.",,,,Public
381,"The service is more than attentive, and they also have a $10 corking fee so you can bring your own wine.",,,,Public
382,"The service was good, if a little slow, and the place was very crowded (which can be comforting, but on a date it may be hard with the constant noise).",,,,Public
383,"The tables are a little too close together, but when the food is this good it's difficult to be distracted.",,,,Public
384,"The last three times I've called (in addition to asking me to wait for a long time before taking my order), they've given me grief about asking for delivery even though my address is clearly within the map printed on the menu, just because the delivery guy gets mad if he has to go out of his way.",,,,Public
385,WHen I politely asked for a water he pointed to the waiter and looked the other way!,,,,Public
386,The presentation of some of the dishes and desserts were great but taste and quality of the food was sub-par especially for the prices that we were paying.,,,,Public
387,"The margaritas took me on an instant vacation, and although there was a bit of a wait for a table, the food was well worth it.",,,,Public
388,"The food did come out quickly and was good, but not worth the prices or the wait.",,,,Public
389,"A terrific place to eat breakfast, lunch or dinner.",,,,Public
390,Our waiter didn't even bothered to ask for dessert.,,,,Public
391,Our waiter didn't really know the menu and was not attentive.,,,,Public
392,"The daily fresh fish can be remarkably good, served in a variety of combinations, ranging up to the omakase chef's choice dinner.",,,,Public
393,"Since we already have our drinks there is no choice, so we are forced to pay full price.",,,,Public
394,They charge $24 for entrees and ask additional price of $3 for rice or $6 for vegetables as side dish!,,,,Public
395,"I love the creative rolls that they have on their menus, and none of them were a disappointment.",,,,Public
396,Our waiter forgot about us for long periods of time and never even offered us a dessert menu.,,,,Public
397,The only problem we had was with an incompetent waitress and floor manager which slowed down our food and seating.,,,,Public
398,"If you want great Italian food, fairly price, good service, in Brooklyn, a couple of subway stops from Union Square,(where you should complain about the prices) go to Al Di La.",,,,Public
399,The centerpiece of the menu is a range of sushi and sashimi sets: standard pieces and rolls that are adequately fresh and reliable.,,,,Public
400,"My husband and I sat at the bar, and service was excellent.",,,,Public
401,"None of us were able to get drinks in a timely fashion, and the bartender was EXTREMELY rude to us.",,,,Public
402,"I've been waiting to try Al Di La for a while, but the menu just never grabbed me.",,,,Public
403,A few of us went the other night for cocktails (half price!),,,,Public
404,"The waitress had the gall to ask us to close out our check when she brought our food so she could go home rather than wait for us to finish (hey babe we waited for YOU, you can wait for US).",,,,Public
405,"The hostess failed to give us menus, and we had to ask our waiter for them.",,,,Public
406,There is no way the food and service here are worth the prices they charge.,,,,Public
407,"the 3rd however, the waiter forgot to put in our order for food and we ended up waiting an hour for them (b/c they were really busy).",,,,Public
408,"i've ordered a cheese plate there, too- the kitchen makes it for you even though it's not on the menu!",,,,Public
409,"Cute decor, but rather small so the dining room can get very smoky if the bar is crowded.",,,,Public
410,"While the bar is expansive, the ceilings are high, the tables are spacious and the plates are oversized, where is the food?",,,,Public
411,"When the bill finally arrived, the head waiter sternly told us that this time is okay, but next time you have to order more than 2 appitizers and a main course!",,,,Public
412,The waiters knocked over my purse 3 times and spilled water on the table 3 times as well.,,,,Public
413,"ASK for spice adjustments or for special orders, if you think you'll need them, BUT most dishes are GREAT as the staff prepares them.",,,,Public
414,"Waiters poured wine like water, my guests were wondering out loud if they would get straws for the wine next.",,,,Public
415,"Even though the food was prepared nicely, it was definitely lacking flavor.",,,,Public
416,"The waiters were rude, and the appetizer dip had bits of bread in it from someone else's dinner.",,,,Public
417,When they brought out the food the waiter dropped one of the plates right in front of us and didn't apologize or bring us out a complimentary plate.,,,,Public
418,Where else can you go to get freshly made Italian food at ridiculously low prices?,,,,Public
419,"Caffeine addicts will have to find their fix elsewhere as coffee is curiously not on the menu, but the Singha beer and decent wine list more than compensates.",,,,Public
420,The drinks are just as expensive as the chain coffee houses.,,,,Public
421,I had to chase down our waitress for the food and the bill.,,,,Public
422,"They draw you in with a fancy looking decore which obviously cost a mint, ply you with overpriced wines (one bottle I knew was a 6$and they had the nerve to charge 40) This place sufferes from the same problem Areos does, it rests on its reputation.",,,,Public
423,"Basically, all the food on the menu is a half-ass'd attempt at vietnamese food, followed by a innappropriate heap of MSG to make up for the lack of any flavor.",,,,Public
424,the setup is cool with pool table and chill area in front and dining on side and back.,,,,Public
425,"Went with three people last saturday night - half way through our entrees we tried to order a second bottle of wine - both the hostess and waitress told us no, cause, ehh, the place is very crowded this night guys.",,,,Public
426,"This place is so unexpected, just a tiny little bar, but it serves dinner and even a really good weekend brunch.",,,,Public
427,Also the waiter anever asked if the steaks were cooked to out liking or if we wanted anything else.,,,,Public
428,"after dinner we went downstairs atmosphere was completely different , nice crowd , we stayed there more time than expected.",,,,Public
429,"Food is average, service is awful, and the attitude isn't New York - it's just plain rude - and most of NYC is caring and courteous.",,,,Public
430,"We went there just for dinner, and the place was so good we didn't leave.",,,,Public
431,"Sadly, many people feel the need to berate their server for a stronger drink.",,,,Public
432,"Flavors range from standards to hard-to-find Italian options, like tiramisu, hazelnut and zuppa inglese.",,,,Public
433,"The dinner menu promises creative-yet-comforting fare, such as beef brisket in a red wine and fig sauce, panko-crusted tofu over hijiki salad, and a six-spice beef burger.",,,,Public
434,"it's a joy to watch the chef work, who refused to take my order but seeing him open my live scallop made me understand why.",,,,Public
435,"Do not go to this restaurant unless you like paying high prices for small protions, ordering a drink that arrives 20 minutes later, or ordering a meal only to get the side dish 5 minutes after you're done.",,,,Public
436,"When we went to dinner here, the place was empty, which should have been a clue.",,,,Public
437,"Went on a 3 day oyster binge, with Fish bringing up the closing, and I am so glad this was the place it O trip ended, because it was so great!",,,,Public
438,"Our server was just fantastic, she recommended that we order a lot of different dishes, so we did, we tried almost everything on the menu, we were a party of six and the whole group enjoyed everything.",,,,Public
439,We got there a bit early and the staff wasn't ready for us but we didn't mind b/c we got to wait by the beautiful bar.,,,,Public
440,"Great place to meet friends or co workers for drinks, dinner or both.",,,,Public
441,The chorizo was a memory and sounded better on the menu.,,,,Public
442,"Nevertheless, after waiting for an eternity to be seated, we finally sit down and wait for our menus, wait for our food, and to our surprise the food was minimal relative to the price.",,,,Public
443,"At the end of our meal, I approached the waitress and asked that they not charge us for the $25 appetizer.",,,,Public
444,we completed our cocktails long before the waiter brought our starters (which did not come until 30 minutes after we had been seated).,,,,Public
445,"Well, the manager rudely informed us that this was how the food is supposed to be served (one course every 30 or so minutes) and then claimed that Oliva is NOT a tapas restaurant.",,,,Public
446,"The singing wait staff are great, the food is just awful!!",,,,Public
447,"When I couldn't hear any of my selections in the dining room, the manager told me that the broken speakers in were 'not his fault'",,,,Public
448,"Overall, I good place to take a date or have a small group of friends for dinner.",,,,Public
449,The service was adequate though we did need to keep asking for water and the drinks from the bar took a long time- plus the restaurant was not crowded.,,,,Public
450,"The decor is worth a mention, with plush seating areas that range from bar stools to table/chair combos to full sofa areas.",,,,Public
451,"The service was very good, although the food was mediocre.",,,,Public
452,The wait can be long especially during brunch time but worth it.,,,,Public
453,"This was after we told the clueless hostess we only wanted to have drinks, and she seated us at a table.",,,,Public
454,Even some of the staff that was working that night was served their dinner before my table got our dinner entrees.,,,,Public
455,"Although the wait staff was friendly, the atmosphere was not.",,,,Private
456,"i won't be going back, and i'll tell all my friends not to go--you guys could have the best mussels in the whole world, but that waitress must be keeping a lot of customers away.",,,,Private
457,"I called ahead and was told that there would be no problem seating a party of two at 5:30, arrived at 5:30, was told there would be a 5 to 10 minute wait.",,,,Private
458,"The food was so not Shanghai, but apparently those in the crowded dining room and waiting for tables wouldn't know the difference.",,,,Private
459,"I'll give it to Sea; the decor is pretty cool and the food was good, but the service was beyond terrible!",,,,Private
460,"The wine list is good, and overall it is not too expensive, though, and the atmosphere is very dark and brick-covered, much like any damp basement.",,,,Private
461,"Compared to New York prices, the menu seems reasonably priced (it is not cheap like Fridays, but is reasonable compared to top quality food experiences in this city).",,,,Private
462,"We were so excited since I was reading great review of this place, however we were disappointed with the taste of the food.",,,,Private
463,The food was average; I could have had a better meal at the local pizza place.,,,,Private
464,"While the service and setting were average, the food was excellent.",,,,Private
465,"Within 10 minutes of being seated at our table, the hostess asked us if we could move.",,,,Private
466,The waiter was attentive but not overbearing and gave good recommendations on the cocktails.,,,,Private
467,"the waiter never asked if we would like more drinks, we had to flag him down and ask him and then when he brought them he forget two of them.",,,,Private
468,You should not go to a Brazilian BBQ place and have to chase the waiters and go to the hostess ASKING FOR MEAT.,,,,Private
469,"(dissapointed) Over price for a lunch menu, including the lunch specials(be smart.",,,,Private
470,Although the prices are kind of high for lunch the atmosphere is nice.,,,,Private
471,I have definitely found my new favorite place for dinner and with its large bar for hanging out on the weekends.,,,,Private
472,"In fact, our waiter mis-pronounced many of the items on the menu.",,,,Private
473,A basic sandwich/burger menu is also served for pre-ice cream nourishment--just always remember to leave room for dessert!!,,,,Private
474,The waiter became visibly irritated when we didn't want to order any drinks at the start of the evening.,,,,Private
475,I've been there for lunch many times and the service is always cheerful and efficient.,,,,Private
476,"As soon as he sat, a waiter came over not once but twice, the first time to suggest he move to the bar b/c our large booth didn't accommodate an extra person, the second time to insist he move.",,,,Private
477,The food here does a great service to the name (Cantonese that is).,,,,Private
478,This is of course after waiting forever for menus and eventually having to ask for them.,,,,Private
479,"Food was fresh yet dull, especially for the price ($12-14 appetizers; $22-$27 entrees).",,,,Private
480,Noodle soup quantities are huge - so don't go for the rest of the menu - the rest are at par with the rest of Chinatown.,,,,Private
481,our dinner was marred by painfully slow service.,,,,Private
482,Don't they teach their staff how to pour water or wine?,,,,Private
483,"He may be a little hard to take, but he knows how to run a kitchen and put together a creative menu.",,,,Private
484,"After arriving for a pre-theatre reservation to find the kitchen closed due to a mechanical failure, the problem was fixed an hour later (after many drinks at the bar, none of which management offered as a concession to the wait) and we were served a very good dinner in time to make the play.",,,,Private
485,"I only saw one waitress for the entire place, and small as it is, she only came to our table to take our order and take away plates, not once asking us if our food was to our liking.",,,,Private
486,"If you mind waiting for your pie to be made (the wait can be over an hour, especially for a square pie), I recommend calling ahead and placing your order for pick-up.",,,,Private
487,"Service only so-so -- I saw a lot of wait staff standing around, and at the busiest moment, I watched waiter stroll through the dining room with two plates as if he had all the time in the world.",,,,Private
488,"The atmosphere could be considered amiable, if you possess roguish frat-boy nostalgia.",,,,Private
489,5 hour meal (we ordered the tasting menu).,,,,Private
490,"Service was ok, took a while to order even drinks.",,,,Private
491,"Nonetheless, we are looking forward to the next time for more pizza and the great service.",,,,Private
492,"Space is teeny tiny so waiting at the bar meant getting poked and bumped repeatedly, but hostesses were nice and wine selection was ample.",,,,Private
493,"Don't bother looking at a menu- Shrimp cocktail, steak for 1,2,3, or more, creamed spinach and hash browns, and save room for the pecan pie and cheese cake, and don't forget the SCHLAG!!!!",,,,Private
494,"Sure, the hostess can be rude, but when in the mood for authentic Mexican food, there is no better place in NYC, yet.",,,,Private
495,"The Sushi was of the highest caliber, the cut as if a master samurai marks smith was behind the bar, and service, just what you would expect from a fine dining establishment, New York style.",,,,Private
496,"The waitress had zero knowledge about wine, and even knowledge about the dishes they were serving.",,,,Private
497,"The place was extremely busy, and with food like this why not.",,,,Private
498,but the wait for seating can be exasperating.,,,,Private
499,I have dined here for over 20 years and I know the management will NOT compromise the cuisine for any haute trendy fare.,,,,Private
500,"To sum it up: Service varies from good to mediorce, depending on which waiter you get; generally it is just average Ok.",,,,Private
501,The food did not come out on time or together and the waiter never came to explain why.,,,,Private
502,I saw a waitress yell at 2 customers for moving a table out a little bit in order to have more seating space.,,,,Private
503,Those of you who are sick of the standard Italian fare will be blown away by the food at Arezzo.,,,,Private
504,"They have recently fired their staff and brought in new people who dont even know how to serve a beer, I might add you are on average paying $6.",,,,Private
505,"While being shown to our table by a hostess, we were welcomed by Lidia Bastianich herself and seated at a great table in the dining room -- not too secluded, but not noisy.",,,,Private
506,I will be back not only because the price was so unbelievable but the atmosphere was just plain COOL and the food was spectacular.,,,,Private
507,"The tables are too close together and it's awkward to get up and down without disturbing the folks next to you, but the food is still the best around.",,,,Private
508,"Appetizers and entrees were merely adequate, but you can't beat the pool room for atmosphere.",,,,Private
509,"We had to ask FIFTEEN TIMES for water, we had no idea what we were eating (due to incomprehensible serving staff), waited 25 minutes after asking for our bill, and were charged a 20% corking fee ON WINE WE BOUGHT THERE.",,,,Private
510,We ordered whole wheast toast; the waiter didn't bring it until 15 minutes after we had received our brunch.,,,,Private
511,"The average price of a meal (app, entree, 1 drink and tip) is probably around $28.",,,,Private
512,"i was at opia january 5, 2006 we had some drinks, dinner, i have to say that we had me and my friend great time, the staff was listening, the manager knew what he was doing and the food better than ever!!",,,,Private
513,We get treated very well and before we sit down to our steaks and fried green tomatoes that we love there - we have a few beers at the bar.,,,,Private
514,"Maybe it was because we went during the restaurant week lunch special, but the service was not impressive at all and the food was okay, but not great.",,,,Private
515,Still the bill was close to $300(with 1 bottle of lower-priced wine).,,,,Private
516,Been here a few times and food has always been good but service really suffers when it gets crowded.,,,,Private
517,"Not only did it take them 45 minutes to serve a salad, when we complained, the manager was abusive, told us to get out and literally started clearing the table while we were still eating.",,,,Private
518,Get plenty on food for the price.,,,,Private
519,"Dining choices range from three-course, ingredient-themed tasting menus or a regular, seasonal a la carte menu.",,,,Private
520,The waitress made a mental note about it and brought out a special dessert without being asked.,,,,Private
521,"Go in, take a deep breath and expect great food, fairly priced with just about the worst service in North Jersey!",,,,Private
522,"Upon calling to reserve a table outside for Brunch, the manager requested a cc nbr to secure the table for 6 (I was 8 months pregnant and there was a little baby).",,,,Private
523,"At one point, the waiter told us that he couldn't find our wine!",,,,Private
524,The service on our visit was absolutely awful - a waiter and two helpers couldn't get our orders right and ignored several pleas for basics such as water and beverage refills and utensils to eat desserts with.,,,,Private
525,"This place is so very nearly achieving, but in the mean time, my advice - eat early elsewhere, then take your seat, order a bottle of wine and enjoy the performance and the ambience.",,,,Private
526,the space is very comfortable - they don't rush you - you don't have a server holding your bill in their hand asking if you'd like anything else.,,,,Private
527,I recently ate Brunch there and was dismayed and dissapointed by the service.,,,,Private
528,"We asked for our check (to pay for our drinks and leave), and received the quickest service all evening.",,,,Private
529,for our entree without a waiter in sight.,,,,Private
530,"the busboys were fantastic -- very attentive when it came to replenishing chips, removing dishes, but I have to say the waitress service was not quite as good.",,,,Private
531,"Wonderful service, not too long a wait for tables, price is right - in a word, go!",,,,Private
532,"Although the food was great, the service was so bad that I can't see myself ever returning.",,,,Private
533,Our waitress was pleasent and patient as we asked about all the various types of sushi.,,,,Private
534,"At the end of the meal the waitress asked if we wanted another drink, the after agreeing to have one she stated, actually there's a list of people waiting, can you go next door to the bar.",,,,Private
535,First of all we ordered a wine from the menu listed as 2000 but the waiter brought the 2001 vintage and tried to pass it off as the 2000.,,,,Private
536,"Great place for dinner or late night for a few drinks and something to eat, the kitchen will be open till 3am.",,,,Private